invoice_number,ordered_on,expected_on,received_on,part_name,part_code,suppliers_name,phone
5e51bb6b,2016-05-10,2016-05-18,,"Mediocre Paper Hat",d0554-171-6737,"Abshire, Gleichner and Bradtke","1 (447) 874-6244"
23589a06,2016-05-07,2016-05-19,2016-05-21,"Rustic Silk Gloves",b3a62-340-0308,"Bauch LLC","1 (848) 218-8528"
1708b39b,2016-05-07,2016-05-14,2016-05-16,"Practical Rubber Bench",83535-389-9501,"Bechtelar, Pacocha and Ritchie","1 (515) 538-3796"
1708b39b,2016-05-07,2016-05-14,2016-05-15,"Lightweight Wool Wallet",8e717-756-8048,"Bechtelar, Pacocha and Ritchie","1 (515) 538-3796"
1708b39b,2016-05-07,2016-05-14,2016-05-15,"Durable Aluminum Pants",8e647-475-7620,"Bechtelar, Pacocha and Ritchie","1 (515) 538-3796"
7d4b65cd,2016-05-07,2016-05-17,2016-05-18,"Synergistic Marble Bench",42b63-250-5430,"Bechtelar, Pacocha and Ritchie","1 (515) 538-3796"
7d4b65cd,2016-05-07,2016-05-17,2016-05-18,"Enormous Rubber Shirt",c4557-742-7147,"Bechtelar, Pacocha and Ritchie","1 (515) 538-3796"
63a6164b,2016-05-10,2016-05-23,2016-05-25,"Practical Linen Coat",b0704-692-5323,"Becker and Sons","1 (354) 715-2828"
16455c21,2016-05-06,2016-05-16,2016-05-17,"Mediocre Rubber Shoes",1a730-811-2423,Bednar-King,"1 (542) 132-2971"
23241cb5,2016-05-10,2016-05-16,2016-05-17,"Intelligent Plastic Bench",25341-627-9974,Bednar-King,"1 (542) 132-2971"
23241cb5,2016-05-10,2016-05-16,,"Small Marble Chair",a2a01-814-2072,Bednar-King,"1 (542) 132-2971"
23241cb5,2016-05-10,2016-05-16,2016-05-18,"Aerodynamic Concrete Hat",69484-431-1022,Bednar-King,"1 (542) 132-2971"
23241cb5,2016-05-10,2016-05-16,,"Practical Iron Shirt",4da69-046-7244,Bednar-King,"1 (542) 132-2971"
212d5515,2016-05-06,2016-05-15,,"Synergistic Iron Plate",b5399-690-5807,"Borer, Wisozk and Welch","1 (855) 645-4869"
212d5515,2016-05-06,2016-05-15,2016-05-17,"Mediocre Concrete Shoes",c5b26-801-9775,"Borer, Wisozk and Welch","1 (855) 645-4869"
29487e59,2016-05-08,2016-05-29,2016-05-31,"Rustic Plastic Shirt",0d345-932-3797,"Borer, Wisozk and Welch","1 (855) 645-4869"
29487e59,2016-05-08,2016-05-29,,"Incredible Copper Lamp",19b55-377-3475,"Borer, Wisozk and Welch","1 (855) 645-4869"
38e9de99,2016-05-08,2016-05-22,2016-05-23,"Awesome Wooden Wallet",a8775-914-1150,"Borer, Wisozk and Welch","1 (855) 645-4869"
38e9de99,2016-05-08,2016-05-22,2016-05-24,"Enormous Aluminum Watch",b9627-317-2576,"Borer, Wisozk and Welch","1 (855) 645-4869"
59bbaa91,2016-05-10,2016-05-28,2016-05-29,"Incredible Copper Lamp",19b55-377-3475,"Borer, Wisozk and Welch","1 (855) 645-4869"
59bbaa91,2016-05-10,2016-05-28,,"Synergistic Steel Table",83520-307-6454,"Borer, Wisozk and Welch","1 (855) 645-4869"
59bbaa91,2016-05-10,2016-05-28,2016-05-29,"Sleek Concrete Knife",23630-445-9927,"Borer, Wisozk and Welch","1 (855) 645-4869"
59bbaa91,2016-05-10,2016-05-28,2016-05-30,"Fantastic Plastic Pants",8e956-230-1038,"Borer, Wisozk and Welch","1 (855) 645-4869"
980e6d29,2016-05-07,2016-05-27,2016-05-29,"Synergistic Wooden Table",d1b51-575-9675,"Cartwright, Bashirian and Trantow","1 (222) 746-9975"
980e6d29,2016-05-07,2016-05-27,,"Incredible Aluminum Shirt",7a130-903-3107,"Cartwright, Bashirian and Trantow","1 (222) 746-9975"
104b9cb6,2016-05-10,2016-05-30,2016-06-01,"Aerodynamic Paper Bag",70e69-117-0682,"Collier, Cremin and Hansen","1 (423) 876-5984"
104b9cb6,2016-05-10,2016-05-30,,"Practical Rubber Watch",30710-064-8252,"Collier, Cremin and Hansen","1 (423) 876-5984"
104b9cb6,2016-05-10,2016-05-30,2016-06-01,"Sleek Steel Shirt",08d20-977-1659,"Collier, Cremin and Hansen","1 (423) 876-5984"
24a6e171,2016-05-10,2016-05-25,,"Awesome Silk Chair",6dc70-719-4842,"Crist Group","1 (496) 718-5988"
24a6e171,2016-05-10,2016-05-25,2016-05-27,"Incredible Cotton Watch",03557-185-9539,"Crist Group","1 (496) 718-5988"
d0067a52,2016-05-10,2016-05-31,,"Mediocre Rubber Shoes",1a730-811-2423,"Crist Group","1 (496) 718-5988"
d0067a52,2016-05-10,2016-05-31,2016-06-02,"Mediocre Bronze Plate",d5009-927-9909,"Crist Group","1 (496) 718-5988"
d0067a52,2016-05-10,2016-05-31,2016-06-02,"Small Rubber Car",95937-864-5750,"Crist Group","1 (496) 718-5988"
d0067a52,2016-05-10,2016-05-31,2016-06-01,"Enormous Wooden Plate",6d280-461-6727,"Crist Group","1 (496) 718-5988"
d0067a52,2016-05-10,2016-05-31,,"Durable Rubber Watch",b8032-990-0758,"Crist Group","1 (496) 718-5988"
9122e876,2016-05-08,2016-05-19,,"Gorgeous Steel Car",b3e73-780-3174,"DuBuque, Goldner and Gusikowski","1 (944) 499-3466"
79b7c4a7,2016-05-10,2016-05-29,,"Synergistic Marble Bench",42b63-250-5430,"Erdman Inc","1 (871) 356-5429"
79b7c4a7,2016-05-10,2016-05-29,2016-05-31,"Intelligent Iron Chair",4e096-154-6162,"Erdman Inc","1 (871) 356-5429"
79b7c4a7,2016-05-10,2016-05-29,2016-05-31,"Small Linen Shirt",32b45-845-2300,"Erdman Inc","1 (871) 356-5429"
1b51c668,2016-05-08,2016-05-27,2016-05-29,"Small Wool Shirt",92615-081-0976,Feeney-Treutel,"1 (183) 814-7561"
4c8b272d,2016-05-07,2016-05-17,2016-05-18,"Practical Plastic Watch",24720-759-2097,"Grant and Sons","1 (985) 784-2513"
7ba85636,2016-05-06,2016-05-23,,"Heavy Duty Wooden Pants",eac29-356-5900,"Grant and Sons","1 (985) 784-2513"
7ba85636,2016-05-06,2016-05-23,2016-05-25,"Heavy Duty Wooden Table",1be22-443-6755,"Grant and Sons","1 (985) 784-2513"
7ba85636,2016-05-06,2016-05-23,2016-05-24,"Practical Plastic Watch",24720-759-2097,"Grant and Sons","1 (985) 784-2513"
7ba85636,2016-05-06,2016-05-23,2016-05-25,"Rustic Aluminum Watch",b7b35-785-5823,"Grant and Sons","1 (985) 784-2513"
a4d7980b,2016-05-10,2016-05-31,,"Synergistic Paper Knife",84649-811-3714,Gusikowski-Jenkins,"1 (681) 444-4251"
a4d7980b,2016-05-10,2016-05-31,2016-06-02,"Sleek Steel Shirt",08d20-977-1659,Gusikowski-Jenkins,"1 (681) 444-4251"
b52479c2,2016-05-08,2016-05-21,,"Enormous Wooden Pants",16237-886-1615,"Hessel, Schmeler and Hudson","1 (655) 378-9744"
b52479c2,2016-05-08,2016-05-21,2016-05-22,"Heavy Duty Wool Keyboard",42a39-035-8526,"Hessel, Schmeler and Hudson","1 (655) 378-9744"
b52479c2,2016-05-08,2016-05-21,,"Aerodynamic Copper Knife",a7517-204-3913,"Hessel, Schmeler and Hudson","1 (655) 378-9744"
197c9599,2016-05-07,2016-05-25,2016-05-27,"Awesome Aluminum Bag",70887-681-4780,"Hoeger, Beier and Tromp","1 (128) 438-3168"
197c9599,2016-05-07,2016-05-25,2016-05-27,"Awesome Iron Hat",ec573-385-2071,"Hoeger, Beier and Tromp","1 (128) 438-3168"
197c9599,2016-05-07,2016-05-25,,"Awesome Copper Shirt",1c449-698-9991,"Hoeger, Beier and Tromp","1 (128) 438-3168"
39623914,2016-05-10,2016-05-26,2016-05-28,"Practical Rubber Shirt",41b82-584-7855,"Hoppe and Sons","1 (712) 113-5917"
39623914,2016-05-10,2016-05-26,2016-05-27,"Small Rubber Clock",49d85-517-2964,"Hoppe and Sons","1 (712) 113-5917"
39623914,2016-05-10,2016-05-26,2016-05-27,"Intelligent Bronze Knife",8a246-100-7231,"Hoppe and Sons","1 (712) 113-5917"
c20dba51,2016-05-07,2016-05-26,2016-05-28,"Synergistic Steel Table",83520-307-6454,"Jakubowski, Franecki and Ritchie","1 (337) 742-2152"
c20dba51,2016-05-07,2016-05-26,,"Incredible Wooden Chair",95510-093-5140,"Jakubowski, Franecki and Ritchie","1 (337) 742-2152"
549c7076,2016-05-08,2016-05-29,2016-05-30,"Awesome Rubber Coat",bd406-725-9102,"Keeling Group","1 (226) 715-7143"
549c7076,2016-05-08,2016-05-29,2016-05-31,"Awesome Steel Watch",02933-780-8293,"Keeling Group","1 (226) 715-7143"
549c7076,2016-05-08,2016-05-29,,"Small Plastic Pants",5e443-418-2648,"Keeling Group","1 (226) 715-7143"
e229349b,2016-05-08,2016-05-16,2016-05-18,"Mediocre Cotton Bag",16436-181-2146,"Keeling Group","1 (226) 715-7143"
712bc164,2016-05-07,2016-05-13,2016-05-14,"Sleek Wooden Hat",07424-590-1137,"Konopelski, Berge and Schaden","1 (796) 295-4967"
712bc164,2016-05-07,2016-05-13,,"Aerodynamic Silk Car",c3c10-052-8270,"Konopelski, Berge and Schaden","1 (796) 295-4967"
712bc164,2016-05-07,2016-05-13,2016-05-14,"Durable Steel Bottle",78438-971-5577,"Konopelski, Berge and Schaden","1 (796) 295-4967"
712bc164,2016-05-07,2016-05-13,2016-05-14,"Rustic Steel Keyboard",a2525-051-3369,"Konopelski, Berge and Schaden","1 (796) 295-4967"
8011db3c,2016-05-06,2016-05-15,,"Enormous Bronze Knife",48898-593-7099,"Konopelski, Legros and Hessel","1 (477) 728-3838"
8011db3c,2016-05-06,2016-05-15,2016-05-17,"Awesome Paper Clock",25118-558-5735,"Konopelski, Legros and Hessel","1 (477) 728-3838"
8011db3c,2016-05-06,2016-05-15,2016-05-17,"Small Copper Car",bac23-592-9224,"Konopelski, Legros and Hessel","1 (477) 728-3838"
8011db3c,2016-05-06,2016-05-15,,"Rustic Aluminum Watch",b7b35-785-5823,"Konopelski, Legros and Hessel","1 (477) 728-3838"
1adda820,2016-05-09,2016-05-16,,"Awesome Wooden Bench",03c83-388-9724,"Kuhic Group","1 (764) 374-5129"
c1d65c55,2016-05-10,2016-05-14,2016-05-16,"Durable Wool Wallet",d3445-913-3968,"Kuhic Group","1 (764) 374-5129"
1d053a30,2016-05-08,2016-05-16,2016-05-18,"Durable Steel Bottle",78438-971-5577,"Kunde Inc","1 (256) 853-4392"
1d053a30,2016-05-08,2016-05-16,2016-05-18,"Practical Granite Table",7cc89-512-1076,"Kunde Inc","1 (256) 853-4392"
c22e41cc,2016-05-08,2016-05-16,2016-05-18,"Sleek Concrete Bench",16a92-760-4829,"Kunde Inc","1 (256) 853-4392"
c22e41cc,2016-05-08,2016-05-16,2016-05-17,"Durable Copper Chair",a2b49-670-8709,"Kunde Inc","1 (256) 853-4392"
c22e41cc,2016-05-08,2016-05-16,2016-05-17,"Awesome Steel Watch",02933-780-8293,"Kunde Inc","1 (256) 853-4392"
c22e41cc,2016-05-08,2016-05-16,2016-05-18,"Rustic Paper Bench",02941-623-6546,"Kunde Inc","1 (256) 853-4392"
ca42047a,2016-05-08,2016-05-26,2016-05-28,"Mediocre Cotton Bag",16436-181-2146,"Kunde Inc","1 (256) 853-4392"
ca42047a,2016-05-08,2016-05-26,,"Heavy Duty Wool Watch",90527-785-1264,"Kunde Inc","1 (256) 853-4392"
ca42047a,2016-05-08,2016-05-26,,"Incredible Cotton Watch",03557-185-9539,"Kunde Inc","1 (256) 853-4392"
ca42047a,2016-05-08,2016-05-26,2016-05-28,"Fantastic Marble Plate",2ea85-982-2344,"Kunde Inc","1 (256) 853-4392"
55ad61db,2016-05-09,2016-05-19,,"Ergonomic Plastic Shirt",37269-292-0625,"Kuphal, Torp and Klocko","1 (864) 853-8141"
32733be7,2016-05-07,2016-05-28,2016-05-29,"Rustic Silk Gloves",b3a62-340-0308,"Langosh LLC","1 (872) 341-1366"
32733be7,2016-05-07,2016-05-28,2016-05-29,"Aerodynamic Paper Pants",77b15-088-3049,"Langosh LLC","1 (872) 341-1366"
32733be7,2016-05-07,2016-05-28,2016-05-29,"Synergistic Paper Knife",84649-811-3714,"Langosh LLC","1 (872) 341-1366"
32733be7,2016-05-07,2016-05-28,,"Rustic Aluminum Gloves",b6832-403-2973,"Langosh LLC","1 (872) 341-1366"
32733be7,2016-05-07,2016-05-28,,"Durable Wool Wallet",d3445-913-3968,"Langosh LLC","1 (872) 341-1366"
32733be7,2016-05-07,2016-05-28,2016-05-30,"Incredible Aluminum Shirt",7a130-903-3107,"Langosh LLC","1 (872) 341-1366"
4de75bc1,2016-05-06,2016-05-13,2016-05-14,"Incredible Copper Knife",bc954-921-5993,"Leffler, Bogan and Hayes","1 (343) 546-9821"
e4dbd37d,2016-05-07,2016-05-17,2016-05-19,"Mediocre Cotton Bag",16436-181-2146,Lowe-Cormier,"1 (782) 655-7721"
e4dbd37d,2016-05-07,2016-05-17,2016-05-19,"Durable Copper Chair",a2b49-670-8709,Lowe-Cormier,"1 (782) 655-7721"
e9b0ec6e,2016-05-09,2016-05-19,2016-05-20,"Incredible Paper Keyboard",16d40-982-3572,"Macejkovic, Renner and Huels","1 (382) 751-7615"
e9b0ec6e,2016-05-09,2016-05-19,,"Sleek Wooden Hat",07424-590-1137,"Macejkovic, Renner and Huels","1 (382) 751-7615"
e9b0ec6e,2016-05-09,2016-05-19,2016-05-20,"Sleek Concrete Knife",23630-445-9927,"Macejkovic, Renner and Huels","1 (382) 751-7615"
e9b0ec6e,2016-05-09,2016-05-19,2016-05-21,"Incredible Wooden Clock",b0224-472-1226,"Macejkovic, Renner and Huels","1 (382) 751-7615"
e9b0ec6e,2016-05-09,2016-05-19,,"Incredible Copper Knife",bc954-921-5993,"Macejkovic, Renner and Huels","1 (382) 751-7615"
a69d49c4,2016-05-10,2016-05-20,2016-05-22,"Awesome Paper Pants",05786-344-6396,"Marquardt, Trantow and Raynor","1 (643) 616-1757"
a69d49c4,2016-05-10,2016-05-20,2016-05-21,"Incredible Bronze Lamp",93d49-447-9260,"Marquardt, Trantow and Raynor","1 (643) 616-1757"
a69d49c4,2016-05-10,2016-05-20,2016-05-21,"Rustic Aluminum Watch",b7b35-785-5823,"Marquardt, Trantow and Raynor","1 (643) 616-1757"
1c0779b1,2016-05-06,2016-05-11,2016-05-13,"Enormous Bronze Hat",3d918-696-0836,"McClure, Mills and Schuppe","1 (279) 691-6322"
3821bc4a,2016-05-06,2016-05-15,2016-05-17,"Durable Rubber Watch",b8032-990-0758,"Murazik, Runolfsdottir and O'Kon","1 (278) 462-5147"
3821bc4a,2016-05-06,2016-05-15,,"Incredible Concrete Shoes",31c00-006-1523,"Murazik, Runolfsdottir and O'Kon","1 (278) 462-5147"
3821bc4a,2016-05-06,2016-05-15,2016-05-16,"Awesome Wooden Plate",c3c18-317-0532,"Murazik, Runolfsdottir and O'Kon","1 (278) 462-5147"
546a911b,2016-05-07,2016-05-28,,"Awesome Linen Car",6e632-950-1933,Nader-Muller,"1 (697) 151-6569"
546a911b,2016-05-07,2016-05-28,,"Awesome Aluminum Bag",70887-681-4780,Nader-Muller,"1 (697) 151-6569"
ba6bce7c,2016-05-07,2016-05-28,2016-05-29,"Heavy Duty Wool Clock",96663-930-7622,Nader-Muller,"1 (697) 151-6569"
ba6bce7c,2016-05-07,2016-05-28,2016-05-29,"Mediocre Concrete Wallet",83427-649-9704,Nader-Muller,"1 (697) 151-6569"
019305be,2016-05-09,2016-05-20,2016-05-22,"Enormous Plastic Table",6a545-893-0989,Okuneva-Kling,"1 (557) 638-9318"
019305be,2016-05-09,2016-05-20,,"Durable Aluminum Pants",8e647-475-7620,Okuneva-Kling,"1 (557) 638-9318"
019305be,2016-05-09,2016-05-20,2016-05-22,"Aerodynamic Aluminum Pants",b1718-822-5887,Okuneva-Kling,"1 (557) 638-9318"
24932ac0,2016-05-10,2016-05-29,2016-05-30,"Lightweight Leather Car",e6681-051-3311,Okuneva-Kling,"1 (557) 638-9318"
24932ac0,2016-05-10,2016-05-29,2016-05-30,"Awesome Leather Lamp",80963-784-2721,Okuneva-Kling,"1 (557) 638-9318"
24932ac0,2016-05-10,2016-05-29,,"Enormous Wool Wallet",30879-508-0713,Okuneva-Kling,"1 (557) 638-9318"
24932ac0,2016-05-10,2016-05-29,2016-05-30,"Practical Rubber Keyboard",8ac49-872-2543,Okuneva-Kling,"1 (557) 638-9318"
61822857,2016-05-10,2016-05-24,,"Mediocre Concrete Wallet",83427-649-9704,Okuneva-Kling,"1 (557) 638-9318"
61822857,2016-05-10,2016-05-24,2016-05-25,"Ergonomic Cotton Pants",81181-687-5164,Okuneva-Kling,"1 (557) 638-9318"
61822857,2016-05-10,2016-05-24,2016-05-25,"Ergonomic Plastic Shirt",37269-292-0625,Okuneva-Kling,"1 (557) 638-9318"
61822857,2016-05-10,2016-05-24,2016-05-25,"Heavy Duty Wool Watch",90527-785-1264,Okuneva-Kling,"1 (557) 638-9318"
c8191ccc,2016-05-07,2016-05-19,2016-05-21,"Sleek Concrete Bench",ee137-248-6941,Okuneva-Kling,"1 (557) 638-9318"
c8191ccc,2016-05-07,2016-05-19,2016-05-21,"Synergistic Marble Bench",42b63-250-5430,Okuneva-Kling,"1 (557) 638-9318"
c8191ccc,2016-05-07,2016-05-19,,"Durable Copper Chair",a2b49-670-8709,Okuneva-Kling,"1 (557) 638-9318"
c8191ccc,2016-05-07,2016-05-19,2016-05-20,"Intelligent Iron Chair",4e096-154-6162,Okuneva-Kling,"1 (557) 638-9318"
c8191ccc,2016-05-07,2016-05-19,,"Gorgeous Linen Bag",4b524-193-4187,Okuneva-Kling,"1 (557) 638-9318"
e64c571d,2016-05-06,2016-05-13,,"Durable Cotton Table",da007-338-8651,Okuneva-Kling,"1 (557) 638-9318"
e64c571d,2016-05-06,2016-05-13,2016-05-15,"Mediocre Concrete Wallet",83427-649-9704,Okuneva-Kling,"1 (557) 638-9318"
856e1775,2016-05-08,2016-05-17,2016-05-19,"Heavy Duty Wooden Pants",eac29-356-5900,"Pfannerstill and Sons","1 (646) 194-2364"
1213d492,2016-05-10,2016-05-23,2016-05-24,"Aerodynamic Aluminum Pants",b1718-822-5887,"Raynor and Sons","1 (681) 494-1668"
1213d492,2016-05-10,2016-05-23,2016-05-24,"Enormous Aluminum Chair",0d231-319-4194,"Raynor and Sons","1 (681) 494-1668"
1213d492,2016-05-10,2016-05-23,2016-05-24,"Practical Granite Table",7cc89-512-1076,"Raynor and Sons","1 (681) 494-1668"
1213d492,2016-05-10,2016-05-23,,"Synergistic Wooden Table",d1b51-575-9675,"Raynor and Sons","1 (681) 494-1668"
310c1ad1,2016-05-06,2016-05-24,2016-05-26,"Heavy Duty Marble Plate",b6637-442-2059,"Raynor and Sons","1 (681) 494-1668"
310c1ad1,2016-05-06,2016-05-24,2016-05-25,"Sleek Wool Pants",e8683-384-9613,"Raynor and Sons","1 (681) 494-1668"
310c1ad1,2016-05-06,2016-05-24,2016-05-26,"Rustic Plastic Shirt",0d345-932-3797,"Raynor and Sons","1 (681) 494-1668"
6eea134a,2016-05-09,2016-05-19,2016-05-20,"Aerodynamic Concrete Hat",69484-431-1022,"Runolfsdottir, Jenkins and Wilderman","1 (881) 682-3735"
db429236,2016-05-08,2016-05-20,2016-05-21,"Sleek Concrete Bench",ee137-248-6941,"Runolfsdottir, Jenkins and Wilderman","1 (881) 682-3735"
db429236,2016-05-08,2016-05-20,,"Gorgeous Silk Lamp",51846-902-9137,"Runolfsdottir, Jenkins and Wilderman","1 (881) 682-3735"
215ec6ba,2016-05-09,2016-05-13,2016-05-15,"Durable Steel Bottle",78438-971-5577,Runolfsdottir-Hodkiewicz,"1 (934) 296-2361"
215ec6ba,2016-05-09,2016-05-13,,"Durable Marble Chair",cca91-873-5786,Runolfsdottir-Hodkiewicz,"1 (934) 296-2361"
215ec6ba,2016-05-09,2016-05-13,2016-05-14,"Gorgeous Leather Computer",74d89-167-6830,Runolfsdottir-Hodkiewicz,"1 (934) 296-2361"
2b785158,2016-05-08,2016-05-14,2016-05-15,"Rustic Aluminum Gloves",b6832-403-2973,Runolfsdottir-Hodkiewicz,"1 (934) 296-2361"
74107011,2016-05-06,2016-05-13,2016-05-14,"Gorgeous Linen Bag",4b524-193-4187,Runolfsdottir-Hodkiewicz,"1 (934) 296-2361"
74107011,2016-05-06,2016-05-13,2016-05-14,"Practical Copper Hat",6be31-082-4333,Runolfsdottir-Hodkiewicz,"1 (934) 296-2361"
ad763013,2016-05-06,2016-05-11,2016-05-13,"Lightweight Wool Bench",d8814-833-7126,"Runte LLC","1 (264) 338-2477"
ad763013,2016-05-06,2016-05-11,,"Mediocre Silk Watch",54682-046-2617,"Runte LLC","1 (264) 338-2477"
92917d85,2016-05-06,2016-05-27,,"Aerodynamic Paper Pants",77b15-088-3049,Sawayn-Schinner,"1 (266) 776-2163"
92917d85,2016-05-06,2016-05-27,2016-05-28,"Aerodynamic Copper Knife",a7517-204-3913,Sawayn-Schinner,"1 (266) 776-2163"
92917d85,2016-05-06,2016-05-27,,"Sleek Concrete Knife",23630-445-9927,Sawayn-Schinner,"1 (266) 776-2163"
92917d85,2016-05-06,2016-05-27,2016-05-29,"Rustic Plastic Shirt",0d345-932-3797,Sawayn-Schinner,"1 (266) 776-2163"
4ac7ccc9,2016-05-09,2016-05-28,,"Aerodynamic Concrete Hat",48b69-788-0511,Schamberger-Leuschke,"1 (867) 264-6668"
4d21e510,2016-05-07,2016-05-18,,"Small Marble Chair",a2a01-814-2072,Schamberger-Leuschke,"1 (867) 264-6668"
4d21e510,2016-05-07,2016-05-18,2016-05-19,"Durable Wool Wallet",d3445-913-3968,Schamberger-Leuschke,"1 (867) 264-6668"
bb926867,2016-05-09,2016-05-25,,"Incredible Wooden Chair",95510-093-5140,"Schimmel LLC","1 (691) 934-3698"
06701b5b,2016-05-07,2016-05-11,,"Fantastic Linen Shoes",d1a65-899-9910,"Schinner, Gleichner and Schamberger","1 (843) 345-9265"
06701b5b,2016-05-07,2016-05-11,2016-05-13,"Lightweight Bronze Lamp",30c01-505-9331,"Schinner, Gleichner and Schamberger","1 (843) 345-9265"
64d65303,2016-05-06,2016-05-13,2016-05-14,"Incredible Paper Keyboard",16d40-982-3572,"Schinner, Gleichner and Schamberger","1 (843) 345-9265"
64d65303,2016-05-06,2016-05-13,2016-05-14,"Intelligent Iron Chair",4e096-154-6162,"Schinner, Gleichner and Schamberger","1 (843) 345-9265"
47085cab,2016-05-10,2016-05-25,2016-05-27,"Heavy Duty Wool Keyboard",42a39-035-8526,Schmidt-Wolff,"1 (193) 974-7922"
123e99a9,2016-05-08,2016-05-21,2016-05-23,"Awesome Rubber Coat",bd406-725-9102,"Schoen LLC","1 (817) 548-9729"
123e99a9,2016-05-08,2016-05-21,2016-05-23,"Gorgeous Leather Computer",74d89-167-6830,"Schoen LLC","1 (817) 548-9729"
123e99a9,2016-05-08,2016-05-21,2016-05-23,"Synergistic Steel Wallet",91397-628-7837,"Schoen LLC","1 (817) 548-9729"
9e810e29,2016-05-08,2016-05-22,2016-05-23,"Small Marble Chair",a2a01-814-2072,"Schoen LLC","1 (817) 548-9729"
2d24c23d,2016-05-06,2016-05-23,2016-05-25,"Rustic Marble Bottle",a0396-862-3417,Shanahan-Runte,"1 (239) 193-6574"
8020847b,2016-05-10,2016-05-20,,"Mediocre Concrete Shoes",c5b26-801-9775,Shanahan-Runte,"1 (239) 193-6574"
8020847b,2016-05-10,2016-05-20,2016-05-21,"Intelligent Granite Chair",4cc80-103-9231,Shanahan-Runte,"1 (239) 193-6574"
8020847b,2016-05-10,2016-05-20,,"Aerodynamic Silk Wallet",8ec01-005-9815,Shanahan-Runte,"1 (239) 193-6574"
8020847b,2016-05-10,2016-05-20,2016-05-22,"Lightweight Rubber Bag",17a17-911-9113,Shanahan-Runte,"1 (239) 193-6574"
c8e7d196,2016-05-08,2016-05-24,,"Small Marble Chair",a2a01-814-2072,Shanahan-Runte,"1 (239) 193-6574"
01837429,2016-05-10,2016-05-25,,"Heavy Duty Wool Watch",90527-785-1264,"Swaniawski, Armstrong and Thiel","1 (238) 813-8588"
666a1cb6,2016-05-06,2016-05-14,2016-05-16,"Enormous Rubber Shirt",c4557-742-7147,"Thiel Inc","1 (732) 288-4868"
b874c56a,2016-05-06,2016-05-17,,"Practical Plastic Watch",24720-759-2097,"Thiel Inc","1 (151) 295-3752"
b874c56a,2016-05-06,2016-05-17,2016-05-19,"Lightweight Rubber Bag",17a17-911-9113,"Thiel Inc","1 (151) 295-3752"
c0b136d6,2016-05-10,2016-05-30,2016-06-01,"Ergonomic Paper Watch",51871-639-6358,"Thiel Inc","1 (151) 295-3752"
c0b136d6,2016-05-10,2016-05-30,2016-05-31,"Ergonomic Rubber Plate",2c786-164-1659,"Thiel Inc","1 (151) 295-3752"
0511307b,2016-05-07,2016-05-16,2016-05-18,"Lightweight Wool Bench",d8814-833-7126,Thiel-Ledner,"1 (672) 818-6181"
ded43762,2016-05-10,2016-05-27,2016-05-28,"Sleek Cotton Knife",65b82-050-0268,Thiel-Schmitt,"1 (543) 678-1332"
ded43762,2016-05-10,2016-05-27,,"Enormous Plastic Table",80862-407-0673,Thiel-Schmitt,"1 (543) 678-1332"
ded43762,2016-05-10,2016-05-27,,"Fantastic Marble Plate",2ea85-982-2344,Thiel-Schmitt,"1 (543) 678-1332"
ded43762,2016-05-10,2016-05-27,2016-05-28,"Rustic Steel Keyboard",a2525-051-3369,Thiel-Schmitt,"1 (543) 678-1332"
2554d0c5,2016-05-07,2016-05-24,2016-05-26,"Heavy Duty Wool Watch",90527-785-1264,"Tillman Group","1 (912) 768-8982"
2554d0c5,2016-05-07,2016-05-24,2016-05-25,"Fantastic Wooden Chair",86048-098-7337,"Tillman Group","1 (912) 768-8982"
2554d0c5,2016-05-07,2016-05-24,2016-05-26,"Heavy Duty Marble Coat",94309-264-2823,"Tillman Group","1 (912) 768-8982"
2554d0c5,2016-05-07,2016-05-24,,"Synergistic Wooden Table",d1b51-575-9675,"Tillman Group","1 (912) 768-8982"
9341bead,2016-05-06,2016-05-21,2016-05-22,"Awesome Steel Watch",02933-780-8293,"Tillman Group","1 (912) 768-8982"
e7bcac1b,2016-05-06,2016-05-26,,"Intelligent Granite Chair",4cc80-103-9231,"Tillman Group","1 (912) 768-8982"
e39933a6,2016-05-09,2016-05-16,,"Durable Wool Table",3b528-945-7772,"Torp Group","1 (858) 462-2864"
e39933a6,2016-05-09,2016-05-16,2016-05-17,"Sleek Concrete Bench",ee137-248-6941,"Torp Group","1 (858) 462-2864"
e39933a6,2016-05-09,2016-05-16,2016-05-18,"Mediocre Cotton Bag",16436-181-2146,"Torp Group","1 (858) 462-2864"
2021d0b3,2016-05-06,2016-05-16,,"Synergistic Iron Watch",ddc29-160-7624,"Trantow, Pouros and Fadel","1 (271) 875-6658"
2021d0b3,2016-05-06,2016-05-16,2016-05-18,"Aerodynamic Copper Knife",a7517-204-3913,"Trantow, Pouros and Fadel","1 (271) 875-6658"
84019b53,2016-05-06,2016-05-23,,"Practical Rubber Keyboard",8ac49-872-2543,Weber-Haag,"1 (428) 333-8791"
84019b53,2016-05-06,2016-05-23,2016-05-25,"Rustic Aluminum Watch",b7b35-785-5823,Weber-Haag,"1 (428) 333-8791"
e89bd2ee,2016-05-07,2016-05-27,,"Enormous Wooden Pants",16237-886-1615,Wyman-Dietrich,"1 (152) 587-6235"
59d92cc3,2016-05-09,2016-05-28,,"Heavy Duty Wool Keyboard",42a39-035-8526,"Yundt Group","1 (871) 173-1517"
59d92cc3,2016-05-09,2016-05-28,,"Awesome Wooden Bench",03c83-388-9724,"Yundt Group","1 (871) 173-1517"
59d92cc3,2016-05-09,2016-05-28,2016-05-29,"Enormous Leather Pants",92287-788-0743,"Yundt Group","1 (871) 173-1517"
